"Column Name","Label"
"GEO_ID","Geography"
"NAME","Geographic Area Name"
"B24124_001E","Estimate!!Total:"
"B24124_001M","Margin of Error!!Total:"
"B24124_002E","Estimate!!Total:!!Chief executives"
"B24124_002M","Margin of Error!!Total:!!Chief executives"
"B24124_003E","Estimate!!Total:!!General and operations managers"
"B24124_003M","Margin of Error!!Total:!!General and operations managers"
"B24124_004E","Estimate!!Total:!!Legislators"
"B24124_004M","Margin of Error!!Total:!!Legislators"
"B24124_005E","Estimate!!Total:!!Advertising and promotions managers"
"B24124_005M","Margin of Error!!Total:!!Advertising and promotions managers"
"B24124_006E","Estimate!!Total:!!Marketing managers"
"B24124_006M","Margin of Error!!Total:!!Marketing managers"
"B24124_007E","Estimate!!Total:!!Sales managers"
"B24124_007M","Margin of Error!!Total:!!Sales managers"
"B24124_008E","Estimate!!Total:!!Public relations and fundraising managers"
"B24124_008M","Margin of Error!!Total:!!Public relations and fundraising managers"
"B24124_009E","Estimate!!Total:!!Administrative services managers"
"B24124_009M","Margin of Error!!Total:!!Administrative services managers"
"B24124_010E","Estimate!!Total:!!Facilities managers"
"B24124_010M","Margin of Error!!Total:!!Facilities managers"
"B24124_011E","Estimate!!Total:!!Computer and information systems managers"
"B24124_011M","Margin of Error!!Total:!!Computer and information systems managers"
"B24124_012E","Estimate!!Total:!!Financial managers"
"B24124_012M","Margin of Error!!Total:!!Financial managers"
"B24124_013E","Estimate!!Total:!!Compensation and benefits managers"
"B24124_013M","Margin of Error!!Total:!!Compensation and benefits managers"
"B24124_014E","Estimate!!Total:!!Human resources managers"
"B24124_014M","Margin of Error!!Total:!!Human resources managers"
"B24124_015E","Estimate!!Total:!!Training and development managers"
"B24124_015M","Margin of Error!!Total:!!Training and development managers"
"B24124_016E","Estimate!!Total:!!Industrial production managers"
"B24124_016M","Margin of Error!!Total:!!Industrial production managers"
"B24124_017E","Estimate!!Total:!!Purchasing managers"
"B24124_017M","Margin of Error!!Total:!!Purchasing managers"
"B24124_018E","Estimate!!Total:!!Transportation, storage, and distribution managers"
"B24124_018M","Margin of Error!!Total:!!Transportation, storage, and distribution managers"
"B24124_019E","Estimate!!Total:!!Farmers, ranchers, and other agricultural managers"
"B24124_019M","Margin of Error!!Total:!!Farmers, ranchers, and other agricultural managers"
"B24124_020E","Estimate!!Total:!!Construction managers"
"B24124_020M","Margin of Error!!Total:!!Construction managers"
"B24124_021E","Estimate!!Total:!!Education and childcare administrators"
"B24124_021M","Margin of Error!!Total:!!Education and childcare administrators"
"B24124_022E","Estimate!!Total:!!Architectural and engineering managers"
"B24124_022M","Margin of Error!!Total:!!Architectural and engineering managers"
"B24124_023E","Estimate!!Total:!!Food service managers"
"B24124_023M","Margin of Error!!Total:!!Food service managers"
"B24124_024E","Estimate!!Total:!!Funeral home managers"
"B24124_024M","Margin of Error!!Total:!!Funeral home managers"
"B24124_025E","Estimate!!Total:!!Entertainment and recreation managers"
"B24124_025M","Margin of Error!!Total:!!Entertainment and recreation managers"
"B24124_026E","Estimate!!Total:!!Lodging managers"
"B24124_026M","Margin of Error!!Total:!!Lodging managers"
"B24124_027E","Estimate!!Total:!!Medical and health services managers"
"B24124_027M","Margin of Error!!Total:!!Medical and health services managers"
"B24124_028E","Estimate!!Total:!!Natural sciences managers"
"B24124_028M","Margin of Error!!Total:!!Natural sciences managers"
"B24124_029E","Estimate!!Total:!!Postmasters and mail superintendents"
"B24124_029M","Margin of Error!!Total:!!Postmasters and mail superintendents"
"B24124_030E","Estimate!!Total:!!Property, real estate, and community association managers"
"B24124_030M","Margin of Error!!Total:!!Property, real estate, and community association managers"
"B24124_031E","Estimate!!Total:!!Social and community service managers"
"B24124_031M","Margin of Error!!Total:!!Social and community service managers"
"B24124_032E","Estimate!!Total:!!Emergency management directors"
"B24124_032M","Margin of Error!!Total:!!Emergency management directors"
"B24124_033E","Estimate!!Total:!!Personal service managers, all other"
"B24124_033M","Margin of Error!!Total:!!Personal service managers, all other"
"B24124_034E","Estimate!!Total:!!Managers, all other"
"B24124_034M","Margin of Error!!Total:!!Managers, all other"
"B24124_035E","Estimate!!Total:!!Agents and business managers of artists, performers, and athletes"
"B24124_035M","Margin of Error!!Total:!!Agents and business managers of artists, performers, and athletes"
"B24124_036E","Estimate!!Total:!!Buyers and purchasing agents, farm products"
"B24124_036M","Margin of Error!!Total:!!Buyers and purchasing agents, farm products"
"B24124_037E","Estimate!!Total:!!Wholesale and retail buyers, except farm products"
"B24124_037M","Margin of Error!!Total:!!Wholesale and retail buyers, except farm products"
"B24124_038E","Estimate!!Total:!!Purchasing agents, except wholesale, retail, and farm products"
"B24124_038M","Margin of Error!!Total:!!Purchasing agents, except wholesale, retail, and farm products"
"B24124_039E","Estimate!!Total:!!Claims adjusters, appraisers, examiners, and investigators"
"B24124_039M","Margin of Error!!Total:!!Claims adjusters, appraisers, examiners, and investigators"
"B24124_040E","Estimate!!Total:!!Compliance officers"
"B24124_040M","Margin of Error!!Total:!!Compliance officers"
"B24124_041E","Estimate!!Total:!!Cost estimators"
"B24124_041M","Margin of Error!!Total:!!Cost estimators"
"B24124_042E","Estimate!!Total:!!Human resources workers"
"B24124_042M","Margin of Error!!Total:!!Human resources workers"
"B24124_043E","Estimate!!Total:!!Compensation, benefits, and job analysis specialists"
"B24124_043M","Margin of Error!!Total:!!Compensation, benefits, and job analysis specialists"
"B24124_044E","Estimate!!Total:!!Training and development specialists"
"B24124_044M","Margin of Error!!Total:!!Training and development specialists"
"B24124_045E","Estimate!!Total:!!Logisticians"
"B24124_045M","Margin of Error!!Total:!!Logisticians"
"B24124_046E","Estimate!!Total:!!Project management specialists"
"B24124_046M","Margin of Error!!Total:!!Project management specialists"
"B24124_047E","Estimate!!Total:!!Management analysts"
"B24124_047M","Margin of Error!!Total:!!Management analysts"
"B24124_048E","Estimate!!Total:!!Meeting, convention, and event planners"
"B24124_048M","Margin of Error!!Total:!!Meeting, convention, and event planners"
"B24124_049E","Estimate!!Total:!!Fundraisers"
"B24124_049M","Margin of Error!!Total:!!Fundraisers"
"B24124_050E","Estimate!!Total:!!Market research analysts and marketing specialists"
"B24124_050M","Margin of Error!!Total:!!Market research analysts and marketing specialists"
"B24124_051E","Estimate!!Total:!!Business operations specialists, all other"
"B24124_051M","Margin of Error!!Total:!!Business operations specialists, all other"
"B24124_052E","Estimate!!Total:!!Accountants and auditors"
"B24124_052M","Margin of Error!!Total:!!Accountants and auditors"
"B24124_053E","Estimate!!Total:!!Property appraisers and assessors"
"B24124_053M","Margin of Error!!Total:!!Property appraisers and assessors"
"B24124_054E","Estimate!!Total:!!Budget analysts"
"B24124_054M","Margin of Error!!Total:!!Budget analysts"
"B24124_055E","Estimate!!Total:!!Credit analysts"
"B24124_055M","Margin of Error!!Total:!!Credit analysts"
"B24124_056E","Estimate!!Total:!!Financial and investment analysts"
"B24124_056M","Margin of Error!!Total:!!Financial and investment analysts"
"B24124_057E","Estimate!!Total:!!Personal financial advisors"
"B24124_057M","Margin of Error!!Total:!!Personal financial advisors"
"B24124_058E","Estimate!!Total:!!Insurance underwriters"
"B24124_058M","Margin of Error!!Total:!!Insurance underwriters"
"B24124_059E","Estimate!!Total:!!Financial examiners"
"B24124_059M","Margin of Error!!Total:!!Financial examiners"
"B24124_060E","Estimate!!Total:!!Credit counselors and loan officers"
"B24124_060M","Margin of Error!!Total:!!Credit counselors and loan officers"
"B24124_061E","Estimate!!Total:!!Tax examiners and collectors, and revenue agents"
"B24124_061M","Margin of Error!!Total:!!Tax examiners and collectors, and revenue agents"
"B24124_062E","Estimate!!Total:!!Tax preparers"
"B24124_062M","Margin of Error!!Total:!!Tax preparers"
"B24124_063E","Estimate!!Total:!!Other financial specialists"
"B24124_063M","Margin of Error!!Total:!!Other financial specialists"
"B24124_064E","Estimate!!Total:!!Computer and information research scientists"
"B24124_064M","Margin of Error!!Total:!!Computer and information research scientists"
"B24124_065E","Estimate!!Total:!!Computer systems analysts"
"B24124_065M","Margin of Error!!Total:!!Computer systems analysts"
"B24124_066E","Estimate!!Total:!!Information security analysts"
"B24124_066M","Margin of Error!!Total:!!Information security analysts"
"B24124_067E","Estimate!!Total:!!Computer programmers"
"B24124_067M","Margin of Error!!Total:!!Computer programmers"
"B24124_068E","Estimate!!Total:!!Software developers"
"B24124_068M","Margin of Error!!Total:!!Software developers"
"B24124_069E","Estimate!!Total:!!Software quality assurance analysts and testers"
"B24124_069M","Margin of Error!!Total:!!Software quality assurance analysts and testers"
"B24124_070E","Estimate!!Total:!!Web developers"
"B24124_070M","Margin of Error!!Total:!!Web developers"
"B24124_071E","Estimate!!Total:!!Web and digital interface designers"
"B24124_071M","Margin of Error!!Total:!!Web and digital interface designers"
"B24124_072E","Estimate!!Total:!!Computer support specialists"
"B24124_072M","Margin of Error!!Total:!!Computer support specialists"
"B24124_073E","Estimate!!Total:!!Database administrators and architects"
"B24124_073M","Margin of Error!!Total:!!Database administrators and architects"
"B24124_074E","Estimate!!Total:!!Network and computer systems administrators"
"B24124_074M","Margin of Error!!Total:!!Network and computer systems administrators"
"B24124_075E","Estimate!!Total:!!Computer network architects"
"B24124_075M","Margin of Error!!Total:!!Computer network architects"
"B24124_076E","Estimate!!Total:!!Computer occupations, all other"
"B24124_076M","Margin of Error!!Total:!!Computer occupations, all other"
"B24124_077E","Estimate!!Total:!!Actuaries"
"B24124_077M","Margin of Error!!Total:!!Actuaries"
"B24124_078E","Estimate!!Total:!!Mathematicians"
"B24124_078M","Margin of Error!!Total:!!Mathematicians"
"B24124_079E","Estimate!!Total:!!Operations research analysts"
"B24124_079M","Margin of Error!!Total:!!Operations research analysts"
"B24124_080E","Estimate!!Total:!!Statisticians"
"B24124_080M","Margin of Error!!Total:!!Statisticians"
"B24124_081E","Estimate!!Total:!!Other mathematical science occupations"
"B24124_081M","Margin of Error!!Total:!!Other mathematical science occupations"
"B24124_082E","Estimate!!Total:!!Architects, except landscape and naval"
"B24124_082M","Margin of Error!!Total:!!Architects, except landscape and naval"
"B24124_083E","Estimate!!Total:!!Landscape architects"
"B24124_083M","Margin of Error!!Total:!!Landscape architects"
"B24124_084E","Estimate!!Total:!!Surveyors, cartographers, and photogrammetrists"
"B24124_084M","Margin of Error!!Total:!!Surveyors, cartographers, and photogrammetrists"
"B24124_085E","Estimate!!Total:!!Aerospace engineers"
"B24124_085M","Margin of Error!!Total:!!Aerospace engineers"
"B24124_086E","Estimate!!Total:!!Agricultural engineers"
"B24124_086M","Margin of Error!!Total:!!Agricultural engineers"
"B24124_087E","Estimate!!Total:!!Bioengineers and biomedical engineers"
"B24124_087M","Margin of Error!!Total:!!Bioengineers and biomedical engineers"
"B24124_088E","Estimate!!Total:!!Chemical engineers"
"B24124_088M","Margin of Error!!Total:!!Chemical engineers"
"B24124_089E","Estimate!!Total:!!Civil engineers"
"B24124_089M","Margin of Error!!Total:!!Civil engineers"
"B24124_090E","Estimate!!Total:!!Computer hardware engineers"
"B24124_090M","Margin of Error!!Total:!!Computer hardware engineers"
"B24124_091E","Estimate!!Total:!!Electrical and electronics engineers"
"B24124_091M","Margin of Error!!Total:!!Electrical and electronics engineers"
"B24124_092E","Estimate!!Total:!!Environmental engineers"
"B24124_092M","Margin of Error!!Total:!!Environmental engineers"
"B24124_093E","Estimate!!Total:!!Industrial engineers, including health and safety"
"B24124_093M","Margin of Error!!Total:!!Industrial engineers, including health and safety"
"B24124_094E","Estimate!!Total:!!Marine engineers and naval architects"
"B24124_094M","Margin of Error!!Total:!!Marine engineers and naval architects"
"B24124_095E","Estimate!!Total:!!Materials engineers"
"B24124_095M","Margin of Error!!Total:!!Materials engineers"
"B24124_096E","Estimate!!Total:!!Mechanical engineers"
"B24124_096M","Margin of Error!!Total:!!Mechanical engineers"
"B24124_097E","Estimate!!Total:!!Mining and geological engineers, including mining safety engineers"
"B24124_097M","Margin of Error!!Total:!!Mining and geological engineers, including mining safety engineers"
"B24124_098E","Estimate!!Total:!!Nuclear engineers"
"B24124_098M","Margin of Error!!Total:!!Nuclear engineers"
"B24124_099E","Estimate!!Total:!!Petroleum engineers"
"B24124_099M","Margin of Error!!Total:!!Petroleum engineers"
"B24124_100E","Estimate!!Total:!!Engineers, all other"
"B24124_100M","Margin of Error!!Total:!!Engineers, all other"
"B24124_101E","Estimate!!Total:!!Architectural and civil drafters"
"B24124_101M","Margin of Error!!Total:!!Architectural and civil drafters"
"B24124_102E","Estimate!!Total:!!Other drafters"
"B24124_102M","Margin of Error!!Total:!!Other drafters"
"B24124_103E","Estimate!!Total:!!Electrical and electronic engineering technologists and technicians"
"B24124_103M","Margin of Error!!Total:!!Electrical and electronic engineering technologists and technicians"
"B24124_104E","Estimate!!Total:!!Other engineering technologists and technicians, except drafters"
"B24124_104M","Margin of Error!!Total:!!Other engineering technologists and technicians, except drafters"
"B24124_105E","Estimate!!Total:!!Surveying and mapping technicians"
"B24124_105M","Margin of Error!!Total:!!Surveying and mapping technicians"
"B24124_106E","Estimate!!Total:!!Agricultural and food scientists"
"B24124_106M","Margin of Error!!Total:!!Agricultural and food scientists"
"B24124_107E","Estimate!!Total:!!Biological scientists"
"B24124_107M","Margin of Error!!Total:!!Biological scientists"
"B24124_108E","Estimate!!Total:!!Conservation scientists and foresters"
"B24124_108M","Margin of Error!!Total:!!Conservation scientists and foresters"
"B24124_109E","Estimate!!Total:!!Medical scientists"
"B24124_109M","Margin of Error!!Total:!!Medical scientists"
"B24124_110E","Estimate!!Total:!!Life scientists, all other"
"B24124_110M","Margin of Error!!Total:!!Life scientists, all other"
"B24124_111E","Estimate!!Total:!!Astronomers and physicists"
"B24124_111M","Margin of Error!!Total:!!Astronomers and physicists"
"B24124_112E","Estimate!!Total:!!Atmospheric and space scientists"
"B24124_112M","Margin of Error!!Total:!!Atmospheric and space scientists"
"B24124_113E","Estimate!!Total:!!Chemists and materials scientists"
"B24124_113M","Margin of Error!!Total:!!Chemists and materials scientists"
"B24124_114E","Estimate!!Total:!!Environmental scientists and specialists, including health"
"B24124_114M","Margin of Error!!Total:!!Environmental scientists and specialists, including health"
"B24124_115E","Estimate!!Total:!!Geoscientists and hydrologists, except geographers"
"B24124_115M","Margin of Error!!Total:!!Geoscientists and hydrologists, except geographers"
"B24124_116E","Estimate!!Total:!!Physical scientists, all other"
"B24124_116M","Margin of Error!!Total:!!Physical scientists, all other"
"B24124_117E","Estimate!!Total:!!Economists"
"B24124_117M","Margin of Error!!Total:!!Economists"
"B24124_118E","Estimate!!Total:!!Survey researchers"
"B24124_118M","Margin of Error!!Total:!!Survey researchers"
"B24124_119E","Estimate!!Total:!!Clinical and counseling psychologists"
"B24124_119M","Margin of Error!!Total:!!Clinical and counseling psychologists"
"B24124_120E","Estimate!!Total:!!School psychologists"
"B24124_120M","Margin of Error!!Total:!!School psychologists"
"B24124_121E","Estimate!!Total:!!Other psychologists"
"B24124_121M","Margin of Error!!Total:!!Other psychologists"
"B24124_122E","Estimate!!Total:!!Sociologists"
"B24124_122M","Margin of Error!!Total:!!Sociologists"
"B24124_123E","Estimate!!Total:!!Urban and regional planners"
"B24124_123M","Margin of Error!!Total:!!Urban and regional planners"
"B24124_124E","Estimate!!Total:!!Miscellaneous social scientists and related workers"
"B24124_124M","Margin of Error!!Total:!!Miscellaneous social scientists and related workers"
"B24124_125E","Estimate!!Total:!!Agricultural and food science technicians"
"B24124_125M","Margin of Error!!Total:!!Agricultural and food science technicians"
"B24124_126E","Estimate!!Total:!!Biological technicians"
"B24124_126M","Margin of Error!!Total:!!Biological technicians"
"B24124_127E","Estimate!!Total:!!Chemical technicians"
"B24124_127M","Margin of Error!!Total:!!Chemical technicians"
"B24124_128E","Estimate!!Total:!!Environmental science and geoscience technicians"
"B24124_128M","Margin of Error!!Total:!!Environmental science and geoscience technicians"
"B24124_129E","Estimate!!Total:!!Nuclear technicians"
"B24124_129M","Margin of Error!!Total:!!Nuclear technicians"
"B24124_130E","Estimate!!Total:!!Social science research assistants"
"B24124_130M","Margin of Error!!Total:!!Social science research assistants"
"B24124_131E","Estimate!!Total:!!Other life, physical, and social science technicians"
"B24124_131M","Margin of Error!!Total:!!Other life, physical, and social science technicians"
"B24124_132E","Estimate!!Total:!!Occupational health and safety specialists and technicians"
"B24124_132M","Margin of Error!!Total:!!Occupational health and safety specialists and technicians"
"B24124_133E","Estimate!!Total:!!Substance abuse and behavioral disorder counselors"
"B24124_133M","Margin of Error!!Total:!!Substance abuse and behavioral disorder counselors"
"B24124_134E","Estimate!!Total:!!Educational, guidance, and career counselors and advisors"
"B24124_134M","Margin of Error!!Total:!!Educational, guidance, and career counselors and advisors"
"B24124_135E","Estimate!!Total:!!Marriage and family therapists"
"B24124_135M","Margin of Error!!Total:!!Marriage and family therapists"
"B24124_136E","Estimate!!Total:!!Mental health counselors"
"B24124_136M","Margin of Error!!Total:!!Mental health counselors"
"B24124_137E","Estimate!!Total:!!Rehabilitation counselors"
"B24124_137M","Margin of Error!!Total:!!Rehabilitation counselors"
"B24124_138E","Estimate!!Total:!!Counselors, all other"
"B24124_138M","Margin of Error!!Total:!!Counselors, all other"
"B24124_139E","Estimate!!Total:!!Child, family, and school social workers"
"B24124_139M","Margin of Error!!Total:!!Child, family, and school social workers"
"B24124_140E","Estimate!!Total:!!Healthcare social workers"
"B24124_140M","Margin of Error!!Total:!!Healthcare social workers"
"B24124_141E","Estimate!!Total:!!Mental health and substance abuse social workers"
"B24124_141M","Margin of Error!!Total:!!Mental health and substance abuse social workers"
"B24124_142E","Estimate!!Total:!!Social workers, all other"
"B24124_142M","Margin of Error!!Total:!!Social workers, all other"
"B24124_143E","Estimate!!Total:!!Probation officers and correctional treatment specialists"
"B24124_143M","Margin of Error!!Total:!!Probation officers and correctional treatment specialists"
"B24124_144E","Estimate!!Total:!!Social and human service assistants"
"B24124_144M","Margin of Error!!Total:!!Social and human service assistants"
"B24124_145E","Estimate!!Total:!!Other community and social service specialists"
"B24124_145M","Margin of Error!!Total:!!Other community and social service specialists"
"B24124_146E","Estimate!!Total:!!Clergy"
"B24124_146M","Margin of Error!!Total:!!Clergy"
"B24124_147E","Estimate!!Total:!!Directors, religious activities and education"
"B24124_147M","Margin of Error!!Total:!!Directors, religious activities and education"
"B24124_148E","Estimate!!Total:!!Religious workers, all other"
"B24124_148M","Margin of Error!!Total:!!Religious workers, all other"
"B24124_149E","Estimate!!Total:!!Lawyers"
"B24124_149M","Margin of Error!!Total:!!Lawyers"
"B24124_150E","Estimate!!Total:!!Judicial law clerks"
"B24124_150M","Margin of Error!!Total:!!Judicial law clerks"
"B24124_151E","Estimate!!Total:!!Judges, magistrates, and other judicial workers"
"B24124_151M","Margin of Error!!Total:!!Judges, magistrates, and other judicial workers"
"B24124_152E","Estimate!!Total:!!Paralegals and legal assistants"
"B24124_152M","Margin of Error!!Total:!!Paralegals and legal assistants"
"B24124_153E","Estimate!!Total:!!Title examiners, abstractors, and searchers"
"B24124_153M","Margin of Error!!Total:!!Title examiners, abstractors, and searchers"
"B24124_154E","Estimate!!Total:!!Legal support workers, all other"
"B24124_154M","Margin of Error!!Total:!!Legal support workers, all other"
"B24124_155E","Estimate!!Total:!!Postsecondary teachers"
"B24124_155M","Margin of Error!!Total:!!Postsecondary teachers"
"B24124_156E","Estimate!!Total:!!Preschool and kindergarten teachers"
"B24124_156M","Margin of Error!!Total:!!Preschool and kindergarten teachers"
"B24124_157E","Estimate!!Total:!!Elementary and middle school teachers"
"B24124_157M","Margin of Error!!Total:!!Elementary and middle school teachers"
"B24124_158E","Estimate!!Total:!!Secondary school teachers"
"B24124_158M","Margin of Error!!Total:!!Secondary school teachers"
"B24124_159E","Estimate!!Total:!!Special education teachers"
"B24124_159M","Margin of Error!!Total:!!Special education teachers"
"B24124_160E","Estimate!!Total:!!Tutors"
"B24124_160M","Margin of Error!!Total:!!Tutors"
"B24124_161E","Estimate!!Total:!!Other teachers and instructors"
"B24124_161M","Margin of Error!!Total:!!Other teachers and instructors"
"B24124_162E","Estimate!!Total:!!Archivists, curators, and museum technicians"
"B24124_162M","Margin of Error!!Total:!!Archivists, curators, and museum technicians"
"B24124_163E","Estimate!!Total:!!Librarians and media collections specialists"
"B24124_163M","Margin of Error!!Total:!!Librarians and media collections specialists"
"B24124_164E","Estimate!!Total:!!Library technicians"
"B24124_164M","Margin of Error!!Total:!!Library technicians"
"B24124_165E","Estimate!!Total:!!Teaching assistants"
"B24124_165M","Margin of Error!!Total:!!Teaching assistants"
"B24124_166E","Estimate!!Total:!!Other educational instruction and library workers"
"B24124_166M","Margin of Error!!Total:!!Other educational instruction and library workers"
"B24124_167E","Estimate!!Total:!!Artists and related workers"
"B24124_167M","Margin of Error!!Total:!!Artists and related workers"
"B24124_168E","Estimate!!Total:!!Commercial and industrial designers"
"B24124_168M","Margin of Error!!Total:!!Commercial and industrial designers"
"B24124_169E","Estimate!!Total:!!Fashion designers"
"B24124_169M","Margin of Error!!Total:!!Fashion designers"
"B24124_170E","Estimate!!Total:!!Floral designers"
"B24124_170M","Margin of Error!!Total:!!Floral designers"
"B24124_171E","Estimate!!Total:!!Graphic designers"
"B24124_171M","Margin of Error!!Total:!!Graphic designers"
"B24124_172E","Estimate!!Total:!!Interior designers"
"B24124_172M","Margin of Error!!Total:!!Interior designers"
"B24124_173E","Estimate!!Total:!!Merchandise displayers and window trimmers"
"B24124_173M","Margin of Error!!Total:!!Merchandise displayers and window trimmers"
"B24124_174E","Estimate!!Total:!!Other designers"
"B24124_174M","Margin of Error!!Total:!!Other designers"
"B24124_175E","Estimate!!Total:!!Actors"
"B24124_175M","Margin of Error!!Total:!!Actors"
"B24124_176E","Estimate!!Total:!!Producers and directors"
"B24124_176M","Margin of Error!!Total:!!Producers and directors"
"B24124_177E","Estimate!!Total:!!Athletes and sports competitors"
"B24124_177M","Margin of Error!!Total:!!Athletes and sports competitors"
"B24124_178E","Estimate!!Total:!!Coaches and scouts"
"B24124_178M","Margin of Error!!Total:!!Coaches and scouts"
"B24124_179E","Estimate!!Total:!!Umpires, referees, and other sports officials"
"B24124_179M","Margin of Error!!Total:!!Umpires, referees, and other sports officials"
"B24124_180E","Estimate!!Total:!!Dancers and choreographers"
"B24124_180M","Margin of Error!!Total:!!Dancers and choreographers"
"B24124_181E","Estimate!!Total:!!Music directors and composers"
"B24124_181M","Margin of Error!!Total:!!Music directors and composers"
"B24124_182E","Estimate!!Total:!!Musicians and singers"
"B24124_182M","Margin of Error!!Total:!!Musicians and singers"
"B24124_183E","Estimate!!Total:!!Disc jockeys, except radio"
"B24124_183M","Margin of Error!!Total:!!Disc jockeys, except radio"
"B24124_184E","Estimate!!Total:!!Entertainers and performers, sports and related workers, all other"
"B24124_184M","Margin of Error!!Total:!!Entertainers and performers, sports and related workers, all other"
"B24124_185E","Estimate!!Total:!!Broadcast announcers and radio disc jockeys"
"B24124_185M","Margin of Error!!Total:!!Broadcast announcers and radio disc jockeys"
"B24124_186E","Estimate!!Total:!!News analysts, reporters, and journalists"
"B24124_186M","Margin of Error!!Total:!!News analysts, reporters, and journalists"
"B24124_187E","Estimate!!Total:!!Public relations specialists"
"B24124_187M","Margin of Error!!Total:!!Public relations specialists"
"B24124_188E","Estimate!!Total:!!Editors"
"B24124_188M","Margin of Error!!Total:!!Editors"
"B24124_189E","Estimate!!Total:!!Technical writers"
"B24124_189M","Margin of Error!!Total:!!Technical writers"
"B24124_190E","Estimate!!Total:!!Writers and authors"
"B24124_190M","Margin of Error!!Total:!!Writers and authors"
"B24124_191E","Estimate!!Total:!!Interpreters and translators"
"B24124_191M","Margin of Error!!Total:!!Interpreters and translators"
"B24124_192E","Estimate!!Total:!!Court reporters and simultaneous captioners"
"B24124_192M","Margin of Error!!Total:!!Court reporters and simultaneous captioners"
"B24124_193E","Estimate!!Total:!!Media and communication workers, all other"
"B24124_193M","Margin of Error!!Total:!!Media and communication workers, all other"
"B24124_194E","Estimate!!Total:!!Broadcast, sound, and lighting technicians"
"B24124_194M","Margin of Error!!Total:!!Broadcast, sound, and lighting technicians"
"B24124_195E","Estimate!!Total:!!Photographers"
"B24124_195M","Margin of Error!!Total:!!Photographers"
"B24124_196E","Estimate!!Total:!!Television, video, and film camera operators and editors"
"B24124_196M","Margin of Error!!Total:!!Television, video, and film camera operators and editors"
"B24124_197E","Estimate!!Total:!!Media and communication equipment workers, all other"
"B24124_197M","Margin of Error!!Total:!!Media and communication equipment workers, all other"
"B24124_198E","Estimate!!Total:!!Chiropractors"
"B24124_198M","Margin of Error!!Total:!!Chiropractors"
"B24124_199E","Estimate!!Total:!!Dentists"
"B24124_199M","Margin of Error!!Total:!!Dentists"
"B24124_200E","Estimate!!Total:!!Dietitians and nutritionists"
"B24124_200M","Margin of Error!!Total:!!Dietitians and nutritionists"
"B24124_201E","Estimate!!Total:!!Optometrists"
"B24124_201M","Margin of Error!!Total:!!Optometrists"
"B24124_202E","Estimate!!Total:!!Pharmacists"
"B24124_202M","Margin of Error!!Total:!!Pharmacists"
"B24124_203E","Estimate!!Total:!!Emergency medicine physicians"
"B24124_203M","Margin of Error!!Total:!!Emergency medicine physicians"
"B24124_204E","Estimate!!Total:!!Radiologists"
"B24124_204M","Margin of Error!!Total:!!Radiologists"
"B24124_205E","Estimate!!Total:!!Other physicians"
"B24124_205M","Margin of Error!!Total:!!Other physicians"
"B24124_206E","Estimate!!Total:!!Surgeons"
"B24124_206M","Margin of Error!!Total:!!Surgeons"
"B24124_207E","Estimate!!Total:!!Physician assistants"
"B24124_207M","Margin of Error!!Total:!!Physician assistants"
"B24124_208E","Estimate!!Total:!!Podiatrists"
"B24124_208M","Margin of Error!!Total:!!Podiatrists"
"B24124_209E","Estimate!!Total:!!Audiologists"
"B24124_209M","Margin of Error!!Total:!!Audiologists"
"B24124_210E","Estimate!!Total:!!Occupational therapists"
"B24124_210M","Margin of Error!!Total:!!Occupational therapists"
"B24124_211E","Estimate!!Total:!!Physical therapists"
"B24124_211M","Margin of Error!!Total:!!Physical therapists"
"B24124_212E","Estimate!!Total:!!Radiation therapists"
"B24124_212M","Margin of Error!!Total:!!Radiation therapists"
"B24124_213E","Estimate!!Total:!!Recreational therapists"
"B24124_213M","Margin of Error!!Total:!!Recreational therapists"
"B24124_214E","Estimate!!Total:!!Respiratory therapists"
"B24124_214M","Margin of Error!!Total:!!Respiratory therapists"
"B24124_215E","Estimate!!Total:!!Speech-language pathologists"
"B24124_215M","Margin of Error!!Total:!!Speech-language pathologists"
"B24124_216E","Estimate!!Total:!!Exercise physiologists"
"B24124_216M","Margin of Error!!Total:!!Exercise physiologists"
"B24124_217E","Estimate!!Total:!!Therapists, all other"
"B24124_217M","Margin of Error!!Total:!!Therapists, all other"
"B24124_218E","Estimate!!Total:!!Veterinarians"
"B24124_218M","Margin of Error!!Total:!!Veterinarians"
"B24124_219E","Estimate!!Total:!!Registered nurses"
"B24124_219M","Margin of Error!!Total:!!Registered nurses"
"B24124_220E","Estimate!!Total:!!Nurse anesthetists"
"B24124_220M","Margin of Error!!Total:!!Nurse anesthetists"
"B24124_221E","Estimate!!Total:!!Nurse midwives"
"B24124_221M","Margin of Error!!Total:!!Nurse midwives"
"B24124_222E","Estimate!!Total:!!Nurse practitioners"
"B24124_222M","Margin of Error!!Total:!!Nurse practitioners"
"B24124_223E","Estimate!!Total:!!Acupuncturists"
"B24124_223M","Margin of Error!!Total:!!Acupuncturists"
"B24124_224E","Estimate!!Total:!!Healthcare diagnosing or treating practitioners, all other"
"B24124_224M","Margin of Error!!Total:!!Healthcare diagnosing or treating practitioners, all other"
"B24124_225E","Estimate!!Total:!!Clinical laboratory technologists and technicians"
"B24124_225M","Margin of Error!!Total:!!Clinical laboratory technologists and technicians"
"B24124_226E","Estimate!!Total:!!Dental hygienists"
"B24124_226M","Margin of Error!!Total:!!Dental hygienists"
"B24124_227E","Estimate!!Total:!!Cardiovascular technologists and technicians"
"B24124_227M","Margin of Error!!Total:!!Cardiovascular technologists and technicians"
"B24124_228E","Estimate!!Total:!!Diagnostic medical sonographers"
"B24124_228M","Margin of Error!!Total:!!Diagnostic medical sonographers"
"B24124_229E","Estimate!!Total:!!Radiologic technologists and technicians"
"B24124_229M","Margin of Error!!Total:!!Radiologic technologists and technicians"
"B24124_230E","Estimate!!Total:!!Magnetic resonance imaging technologists"
"B24124_230M","Margin of Error!!Total:!!Magnetic resonance imaging technologists"
"B24124_231E","Estimate!!Total:!!Nuclear medicine technologists and medical dosimetrists"
"B24124_231M","Margin of Error!!Total:!!Nuclear medicine technologists and medical dosimetrists"
"B24124_232E","Estimate!!Total:!!Emergency medical technicians"
"B24124_232M","Margin of Error!!Total:!!Emergency medical technicians"
"B24124_233E","Estimate!!Total:!!Paramedics"
"B24124_233M","Margin of Error!!Total:!!Paramedics"
"B24124_234E","Estimate!!Total:!!Pharmacy technicians"
"B24124_234M","Margin of Error!!Total:!!Pharmacy technicians"
"B24124_235E","Estimate!!Total:!!Psychiatric technicians"
"B24124_235M","Margin of Error!!Total:!!Psychiatric technicians"
"B24124_236E","Estimate!!Total:!!Surgical technologists"
"B24124_236M","Margin of Error!!Total:!!Surgical technologists"
"B24124_237E","Estimate!!Total:!!Veterinary technologists and technicians"
"B24124_237M","Margin of Error!!Total:!!Veterinary technologists and technicians"
"B24124_238E","Estimate!!Total:!!Dietetic technicians and ophthalmic medical technicians"
"B24124_238M","Margin of Error!!Total:!!Dietetic technicians and ophthalmic medical technicians"
"B24124_239E","Estimate!!Total:!!Licensed practical and licensed vocational nurses"
"B24124_239M","Margin of Error!!Total:!!Licensed practical and licensed vocational nurses"
"B24124_240E","Estimate!!Total:!!Medical records specialists"
"B24124_240M","Margin of Error!!Total:!!Medical records specialists"
"B24124_241E","Estimate!!Total:!!Opticians, dispensing"
"B24124_241M","Margin of Error!!Total:!!Opticians, dispensing"
"B24124_242E","Estimate!!Total:!!Miscellaneous health technologists and technicians"
"B24124_242M","Margin of Error!!Total:!!Miscellaneous health technologists and technicians"
"B24124_243E","Estimate!!Total:!!Other healthcare practitioners and technical occupations"
"B24124_243M","Margin of Error!!Total:!!Other healthcare practitioners and technical occupations"
"B24124_244E","Estimate!!Total:!!Home health aides"
"B24124_244M","Margin of Error!!Total:!!Home health aides"
"B24124_245E","Estimate!!Total:!!Personal care aides"
"B24124_245M","Margin of Error!!Total:!!Personal care aides"
"B24124_246E","Estimate!!Total:!!Nursing assistants"
"B24124_246M","Margin of Error!!Total:!!Nursing assistants"
"B24124_247E","Estimate!!Total:!!Orderlies and psychiatric aides"
"B24124_247M","Margin of Error!!Total:!!Orderlies and psychiatric aides"
"B24124_248E","Estimate!!Total:!!Occupational therapy assistants and aides"
"B24124_248M","Margin of Error!!Total:!!Occupational therapy assistants and aides"
"B24124_249E","Estimate!!Total:!!Physical therapist assistants and aides"
"B24124_249M","Margin of Error!!Total:!!Physical therapist assistants and aides"
"B24124_250E","Estimate!!Total:!!Massage therapists"
"B24124_250M","Margin of Error!!Total:!!Massage therapists"
"B24124_251E","Estimate!!Total:!!Dental assistants"
"B24124_251M","Margin of Error!!Total:!!Dental assistants"
"B24124_252E","Estimate!!Total:!!Medical assistants"
"B24124_252M","Margin of Error!!Total:!!Medical assistants"
"B24124_253E","Estimate!!Total:!!Medical transcriptionists"
"B24124_253M","Margin of Error!!Total:!!Medical transcriptionists"
"B24124_254E","Estimate!!Total:!!Pharmacy aides"
"B24124_254M","Margin of Error!!Total:!!Pharmacy aides"
"B24124_255E","Estimate!!Total:!!Veterinary assistants and laboratory animal caretakers"
"B24124_255M","Margin of Error!!Total:!!Veterinary assistants and laboratory animal caretakers"
"B24124_256E","Estimate!!Total:!!Phlebotomists"
"B24124_256M","Margin of Error!!Total:!!Phlebotomists"
"B24124_257E","Estimate!!Total:!!Other healthcare support workers"
"B24124_257M","Margin of Error!!Total:!!Other healthcare support workers"
"B24124_258E","Estimate!!Total:!!First-line supervisors of correctional officers"
"B24124_258M","Margin of Error!!Total:!!First-line supervisors of correctional officers"
"B24124_259E","Estimate!!Total:!!First-line supervisors of police and detectives"
"B24124_259M","Margin of Error!!Total:!!First-line supervisors of police and detectives"
"B24124_260E","Estimate!!Total:!!First-line supervisors of firefighting and prevention workers"
"B24124_260M","Margin of Error!!Total:!!First-line supervisors of firefighting and prevention workers"
"B24124_261E","Estimate!!Total:!!First-line supervisors of security workers"
"B24124_261M","Margin of Error!!Total:!!First-line supervisors of security workers"
"B24124_262E","Estimate!!Total:!!First-line supervisors of protective service workers, all other"
"B24124_262M","Margin of Error!!Total:!!First-line supervisors of protective service workers, all other"
"B24124_263E","Estimate!!Total:!!Firefighters"
"B24124_263M","Margin of Error!!Total:!!Firefighters"
"B24124_264E","Estimate!!Total:!!Fire inspectors"
"B24124_264M","Margin of Error!!Total:!!Fire inspectors"
"B24124_265E","Estimate!!Total:!!Bailiffs"
"B24124_265M","Margin of Error!!Total:!!Bailiffs"
"B24124_266E","Estimate!!Total:!!Correctional officers and jailers"
"B24124_266M","Margin of Error!!Total:!!Correctional officers and jailers"
"B24124_267E","Estimate!!Total:!!Detectives and criminal investigators"
"B24124_267M","Margin of Error!!Total:!!Detectives and criminal investigators"
"B24124_268E","Estimate!!Total:!!Fish and game wardens"
"B24124_268M","Margin of Error!!Total:!!Fish and game wardens"
"B24124_269E","Estimate!!Total:!!Parking enforcement workers"
"B24124_269M","Margin of Error!!Total:!!Parking enforcement workers"
"B24124_270E","Estimate!!Total:!!Police officers"
"B24124_270M","Margin of Error!!Total:!!Police officers"
"B24124_271E","Estimate!!Total:!!Animal control workers"
"B24124_271M","Margin of Error!!Total:!!Animal control workers"
"B24124_272E","Estimate!!Total:!!Private detectives and investigators"
"B24124_272M","Margin of Error!!Total:!!Private detectives and investigators"
"B24124_273E","Estimate!!Total:!!Security guards and gambling surveillance officers"
"B24124_273M","Margin of Error!!Total:!!Security guards and gambling surveillance officers"
"B24124_274E","Estimate!!Total:!!Crossing guards and flaggers"
"B24124_274M","Margin of Error!!Total:!!Crossing guards and flaggers"
"B24124_275E","Estimate!!Total:!!Transportation security screeners"
"B24124_275M","Margin of Error!!Total:!!Transportation security screeners"
"B24124_276E","Estimate!!Total:!!School bus monitors"
"B24124_276M","Margin of Error!!Total:!!School bus monitors"
"B24124_277E","Estimate!!Total:!!Other protective service workers"
"B24124_277M","Margin of Error!!Total:!!Other protective service workers"
"B24124_278E","Estimate!!Total:!!Chefs and head cooks"
"B24124_278M","Margin of Error!!Total:!!Chefs and head cooks"
"B24124_279E","Estimate!!Total:!!First-line supervisors of food preparation and serving workers"
"B24124_279M","Margin of Error!!Total:!!First-line supervisors of food preparation and serving workers"
"B24124_280E","Estimate!!Total:!!Cooks"
"B24124_280M","Margin of Error!!Total:!!Cooks"
"B24124_281E","Estimate!!Total:!!Food preparation workers"
"B24124_281M","Margin of Error!!Total:!!Food preparation workers"
"B24124_282E","Estimate!!Total:!!Bartenders"
"B24124_282M","Margin of Error!!Total:!!Bartenders"
"B24124_283E","Estimate!!Total:!!Fast food and counter workers"
"B24124_283M","Margin of Error!!Total:!!Fast food and counter workers"
"B24124_284E","Estimate!!Total:!!Waiters and waitresses"
"B24124_284M","Margin of Error!!Total:!!Waiters and waitresses"
"B24124_285E","Estimate!!Total:!!Food servers, nonrestaurant"
"B24124_285M","Margin of Error!!Total:!!Food servers, nonrestaurant"
"B24124_286E","Estimate!!Total:!!Dining room and cafeteria attendants and bartender helpers"
"B24124_286M","Margin of Error!!Total:!!Dining room and cafeteria attendants and bartender helpers"
"B24124_287E","Estimate!!Total:!!Dishwashers"
"B24124_287M","Margin of Error!!Total:!!Dishwashers"
"B24124_288E","Estimate!!Total:!!Hosts and hostesses, restaurant, lounge, and coffee shop"
"B24124_288M","Margin of Error!!Total:!!Hosts and hostesses, restaurant, lounge, and coffee shop"
"B24124_289E","Estimate!!Total:!!Food preparation and serving related workers, all other"
"B24124_289M","Margin of Error!!Total:!!Food preparation and serving related workers, all other"
"B24124_290E","Estimate!!Total:!!First-line supervisors of housekeeping and janitorial workers"
"B24124_290M","Margin of Error!!Total:!!First-line supervisors of housekeeping and janitorial workers"
"B24124_291E","Estimate!!Total:!!First-line supervisors of landscaping, lawn service, and groundskeeping workers"
"B24124_291M","Margin of Error!!Total:!!First-line supervisors of landscaping, lawn service, and groundskeeping workers"
"B24124_292E","Estimate!!Total:!!Janitors and building cleaners"
"B24124_292M","Margin of Error!!Total:!!Janitors and building cleaners"
"B24124_293E","Estimate!!Total:!!Maids and housekeeping cleaners"
"B24124_293M","Margin of Error!!Total:!!Maids and housekeeping cleaners"
"B24124_294E","Estimate!!Total:!!Pest control workers"
"B24124_294M","Margin of Error!!Total:!!Pest control workers"
"B24124_295E","Estimate!!Total:!!Landscaping and groundskeeping workers"
"B24124_295M","Margin of Error!!Total:!!Landscaping and groundskeeping workers"
"B24124_296E","Estimate!!Total:!!Tree trimmers and pruners"
"B24124_296M","Margin of Error!!Total:!!Tree trimmers and pruners"
"B24124_297E","Estimate!!Total:!!Other grounds maintenance workers"
"B24124_297M","Margin of Error!!Total:!!Other grounds maintenance workers"
"B24124_298E","Estimate!!Total:!!Supervisors of personal care and service workers"
"B24124_298M","Margin of Error!!Total:!!Supervisors of personal care and service workers"
"B24124_299E","Estimate!!Total:!!Animal trainers"
"B24124_299M","Margin of Error!!Total:!!Animal trainers"
"B24124_300E","Estimate!!Total:!!Animal caretakers"
"B24124_300M","Margin of Error!!Total:!!Animal caretakers"
"B24124_301E","Estimate!!Total:!!Gambling services workers"
"B24124_301M","Margin of Error!!Total:!!Gambling services workers"
"B24124_302E","Estimate!!Total:!!Ushers, lobby attendants, and ticket takers"
"B24124_302M","Margin of Error!!Total:!!Ushers, lobby attendants, and ticket takers"
"B24124_303E","Estimate!!Total:!!Other entertainment attendants and related workers"
"B24124_303M","Margin of Error!!Total:!!Other entertainment attendants and related workers"
"B24124_304E","Estimate!!Total:!!Embalmers, crematory operators and funeral attendants"
"B24124_304M","Margin of Error!!Total:!!Embalmers, crematory operators and funeral attendants"
"B24124_305E","Estimate!!Total:!!Morticians, undertakers, and funeral arrangers"
"B24124_305M","Margin of Error!!Total:!!Morticians, undertakers, and funeral arrangers"
"B24124_306E","Estimate!!Total:!!Barbers"
"B24124_306M","Margin of Error!!Total:!!Barbers"
"B24124_307E","Estimate!!Total:!!Hairdressers, hairstylists, and cosmetologists"
"B24124_307M","Margin of Error!!Total:!!Hairdressers, hairstylists, and cosmetologists"
"B24124_308E","Estimate!!Total:!!Manicurists and pedicurists"
"B24124_308M","Margin of Error!!Total:!!Manicurists and pedicurists"
"B24124_309E","Estimate!!Total:!!Skincare specialists"
"B24124_309M","Margin of Error!!Total:!!Skincare specialists"
"B24124_310E","Estimate!!Total:!!Other personal appearance workers"
"B24124_310M","Margin of Error!!Total:!!Other personal appearance workers"
"B24124_311E","Estimate!!Total:!!Baggage porters, bellhops, and concierges"
"B24124_311M","Margin of Error!!Total:!!Baggage porters, bellhops, and concierges"
"B24124_312E","Estimate!!Total:!!Tour and travel guides"
"B24124_312M","Margin of Error!!Total:!!Tour and travel guides"
"B24124_313E","Estimate!!Total:!!Childcare workers"
"B24124_313M","Margin of Error!!Total:!!Childcare workers"
"B24124_314E","Estimate!!Total:!!Exercise trainers and group fitness instructors"
"B24124_314M","Margin of Error!!Total:!!Exercise trainers and group fitness instructors"
"B24124_315E","Estimate!!Total:!!Recreation workers"
"B24124_315M","Margin of Error!!Total:!!Recreation workers"
"B24124_316E","Estimate!!Total:!!Residential advisors"
"B24124_316M","Margin of Error!!Total:!!Residential advisors"
"B24124_317E","Estimate!!Total:!!Personal care and service workers, all other"
"B24124_317M","Margin of Error!!Total:!!Personal care and service workers, all other"
"B24124_318E","Estimate!!Total:!!First-line supervisors of retail sales workers"
"B24124_318M","Margin of Error!!Total:!!First-line supervisors of retail sales workers"
"B24124_319E","Estimate!!Total:!!First-line supervisors of non-retail sales workers"
"B24124_319M","Margin of Error!!Total:!!First-line supervisors of non-retail sales workers"
"B24124_320E","Estimate!!Total:!!Cashiers"
"B24124_320M","Margin of Error!!Total:!!Cashiers"
"B24124_321E","Estimate!!Total:!!Counter and rental clerks"
"B24124_321M","Margin of Error!!Total:!!Counter and rental clerks"
"B24124_322E","Estimate!!Total:!!Parts salespersons"
"B24124_322M","Margin of Error!!Total:!!Parts salespersons"
"B24124_323E","Estimate!!Total:!!Retail salespersons"
"B24124_323M","Margin of Error!!Total:!!Retail salespersons"
"B24124_324E","Estimate!!Total:!!Advertising sales agents"
"B24124_324M","Margin of Error!!Total:!!Advertising sales agents"
"B24124_325E","Estimate!!Total:!!Insurance sales agents"
"B24124_325M","Margin of Error!!Total:!!Insurance sales agents"
"B24124_326E","Estimate!!Total:!!Securities, commodities, and financial services sales agents"
"B24124_326M","Margin of Error!!Total:!!Securities, commodities, and financial services sales agents"
"B24124_327E","Estimate!!Total:!!Travel agents"
"B24124_327M","Margin of Error!!Total:!!Travel agents"
"B24124_328E","Estimate!!Total:!!Sales representatives of services, except advertising, insurance, financial services, and travel"
"B24124_328M","Margin of Error!!Total:!!Sales representatives of services, except advertising, insurance, financial services, and travel"
"B24124_329E","Estimate!!Total:!!Sales representatives, wholesale and manufacturing"
"B24124_329M","Margin of Error!!Total:!!Sales representatives, wholesale and manufacturing"
"B24124_330E","Estimate!!Total:!!Models, demonstrators, and product promoters"
"B24124_330M","Margin of Error!!Total:!!Models, demonstrators, and product promoters"
"B24124_331E","Estimate!!Total:!!Real estate brokers and sales agents"
"B24124_331M","Margin of Error!!Total:!!Real estate brokers and sales agents"
"B24124_332E","Estimate!!Total:!!Sales engineers"
"B24124_332M","Margin of Error!!Total:!!Sales engineers"
"B24124_333E","Estimate!!Total:!!Telemarketers"
"B24124_333M","Margin of Error!!Total:!!Telemarketers"
"B24124_334E","Estimate!!Total:!!Door-to-door sales workers, news and street vendors, and related workers"
"B24124_334M","Margin of Error!!Total:!!Door-to-door sales workers, news and street vendors, and related workers"
"B24124_335E","Estimate!!Total:!!Sales and related workers, all other"
"B24124_335M","Margin of Error!!Total:!!Sales and related workers, all other"
"B24124_336E","Estimate!!Total:!!First-line supervisors of office and administrative support workers"
"B24124_336M","Margin of Error!!Total:!!First-line supervisors of office and administrative support workers"
"B24124_337E","Estimate!!Total:!!Switchboard operators, including answering service"
"B24124_337M","Margin of Error!!Total:!!Switchboard operators, including answering service"
"B24124_338E","Estimate!!Total:!!Telephone operators"
"B24124_338M","Margin of Error!!Total:!!Telephone operators"
"B24124_339E","Estimate!!Total:!!Communications equipment operators, all other"
"B24124_339M","Margin of Error!!Total:!!Communications equipment operators, all other"
"B24124_340E","Estimate!!Total:!!Bill and account collectors"
"B24124_340M","Margin of Error!!Total:!!Bill and account collectors"
"B24124_341E","Estimate!!Total:!!Billing and posting clerks"
"B24124_341M","Margin of Error!!Total:!!Billing and posting clerks"
"B24124_342E","Estimate!!Total:!!Bookkeeping, accounting, and auditing clerks"
"B24124_342M","Margin of Error!!Total:!!Bookkeeping, accounting, and auditing clerks"
"B24124_343E","Estimate!!Total:!!Gambling cage workers"
"B24124_343M","Margin of Error!!Total:!!Gambling cage workers"
"B24124_344E","Estimate!!Total:!!Payroll and timekeeping clerks"
"B24124_344M","Margin of Error!!Total:!!Payroll and timekeeping clerks"
"B24124_345E","Estimate!!Total:!!Procurement clerks"
"B24124_345M","Margin of Error!!Total:!!Procurement clerks"
"B24124_346E","Estimate!!Total:!!Tellers"
"B24124_346M","Margin of Error!!Total:!!Tellers"
"B24124_347E","Estimate!!Total:!!Financial clerks, all other"
"B24124_347M","Margin of Error!!Total:!!Financial clerks, all other"
"B24124_348E","Estimate!!Total:!!Brokerage clerks"
"B24124_348M","Margin of Error!!Total:!!Brokerage clerks"
"B24124_349E","Estimate!!Total:!!Correspondence clerks"
"B24124_349M","Margin of Error!!Total:!!Correspondence clerks"
"B24124_350E","Estimate!!Total:!!Court, municipal, and license clerks"
"B24124_350M","Margin of Error!!Total:!!Court, municipal, and license clerks"
"B24124_351E","Estimate!!Total:!!Credit authorizers, checkers, and clerks"
"B24124_351M","Margin of Error!!Total:!!Credit authorizers, checkers, and clerks"
"B24124_352E","Estimate!!Total:!!Customer service representatives"
"B24124_352M","Margin of Error!!Total:!!Customer service representatives"
"B24124_353E","Estimate!!Total:!!Eligibility interviewers, government programs"
"B24124_353M","Margin of Error!!Total:!!Eligibility interviewers, government programs"
"B24124_354E","Estimate!!Total:!!File clerks"
"B24124_354M","Margin of Error!!Total:!!File clerks"
"B24124_355E","Estimate!!Total:!!Hotel, motel, and resort desk clerks"
"B24124_355M","Margin of Error!!Total:!!Hotel, motel, and resort desk clerks"
"B24124_356E","Estimate!!Total:!!Interviewers, except eligibility and loan"
"B24124_356M","Margin of Error!!Total:!!Interviewers, except eligibility and loan"
"B24124_357E","Estimate!!Total:!!Library assistants, clerical"
"B24124_357M","Margin of Error!!Total:!!Library assistants, clerical"
"B24124_358E","Estimate!!Total:!!Loan interviewers and clerks"
"B24124_358M","Margin of Error!!Total:!!Loan interviewers and clerks"
"B24124_359E","Estimate!!Total:!!New accounts clerks"
"B24124_359M","Margin of Error!!Total:!!New accounts clerks"
"B24124_360E","Estimate!!Total:!!Order clerks"
"B24124_360M","Margin of Error!!Total:!!Order clerks"
"B24124_361E","Estimate!!Total:!!Human resources assistants, except payroll and timekeeping"
"B24124_361M","Margin of Error!!Total:!!Human resources assistants, except payroll and timekeeping"
"B24124_362E","Estimate!!Total:!!Receptionists and information clerks"
"B24124_362M","Margin of Error!!Total:!!Receptionists and information clerks"
"B24124_363E","Estimate!!Total:!!Reservation and transportation ticket agents and travel clerks"
"B24124_363M","Margin of Error!!Total:!!Reservation and transportation ticket agents and travel clerks"
"B24124_364E","Estimate!!Total:!!Information and record clerks, all other"
"B24124_364M","Margin of Error!!Total:!!Information and record clerks, all other"
"B24124_365E","Estimate!!Total:!!Cargo and freight agents"
"B24124_365M","Margin of Error!!Total:!!Cargo and freight agents"
"B24124_366E","Estimate!!Total:!!Couriers and messengers"
"B24124_366M","Margin of Error!!Total:!!Couriers and messengers"
"B24124_367E","Estimate!!Total:!!Public safety telecommunicators"
"B24124_367M","Margin of Error!!Total:!!Public safety telecommunicators"
"B24124_368E","Estimate!!Total:!!Dispatchers, except police, fire, and ambulance"
"B24124_368M","Margin of Error!!Total:!!Dispatchers, except police, fire, and ambulance"
"B24124_369E","Estimate!!Total:!!Meter readers, utilities"
"B24124_369M","Margin of Error!!Total:!!Meter readers, utilities"
"B24124_370E","Estimate!!Total:!!Postal service clerks"
"B24124_370M","Margin of Error!!Total:!!Postal service clerks"
"B24124_371E","Estimate!!Total:!!Postal service mail carriers"
"B24124_371M","Margin of Error!!Total:!!Postal service mail carriers"
"B24124_372E","Estimate!!Total:!!Postal service mail sorters, processors, and processing machine operators"
"B24124_372M","Margin of Error!!Total:!!Postal service mail sorters, processors, and processing machine operators"
"B24124_373E","Estimate!!Total:!!Production, planning, and expediting clerks"
"B24124_373M","Margin of Error!!Total:!!Production, planning, and expediting clerks"
"B24124_374E","Estimate!!Total:!!Shipping, receiving, and inventory clerks"
"B24124_374M","Margin of Error!!Total:!!Shipping, receiving, and inventory clerks"
"B24124_375E","Estimate!!Total:!!Weighers, measurers, checkers, and samplers, recordkeeping"
"B24124_375M","Margin of Error!!Total:!!Weighers, measurers, checkers, and samplers, recordkeeping"
"B24124_376E","Estimate!!Total:!!Executive secretaries and executive administrative assistants"
"B24124_376M","Margin of Error!!Total:!!Executive secretaries and executive administrative assistants"
"B24124_377E","Estimate!!Total:!!Legal secretaries and administrative assistants"
"B24124_377M","Margin of Error!!Total:!!Legal secretaries and administrative assistants"
"B24124_378E","Estimate!!Total:!!Medical secretaries and administrative assistants"
"B24124_378M","Margin of Error!!Total:!!Medical secretaries and administrative assistants"
"B24124_379E","Estimate!!Total:!!Secretaries and administrative assistants, except legal, medical, and executive"
"B24124_379M","Margin of Error!!Total:!!Secretaries and administrative assistants, except legal, medical, and executive"
"B24124_380E","Estimate!!Total:!!Data entry keyers"
"B24124_380M","Margin of Error!!Total:!!Data entry keyers"
"B24124_381E","Estimate!!Total:!!Word processors and typists"
"B24124_381M","Margin of Error!!Total:!!Word processors and typists"
"B24124_382E","Estimate!!Total:!!Desktop publishers"
"B24124_382M","Margin of Error!!Total:!!Desktop publishers"
"B24124_383E","Estimate!!Total:!!Insurance claims and policy processing clerks"
"B24124_383M","Margin of Error!!Total:!!Insurance claims and policy processing clerks"
"B24124_384E","Estimate!!Total:!!Mail clerks and mail machine operators, except postal service"
"B24124_384M","Margin of Error!!Total:!!Mail clerks and mail machine operators, except postal service"
"B24124_385E","Estimate!!Total:!!Office clerks, general"
"B24124_385M","Margin of Error!!Total:!!Office clerks, general"
"B24124_386E","Estimate!!Total:!!Office machine operators, except computer"
"B24124_386M","Margin of Error!!Total:!!Office machine operators, except computer"
"B24124_387E","Estimate!!Total:!!Proofreaders and copy markers"
"B24124_387M","Margin of Error!!Total:!!Proofreaders and copy markers"
"B24124_388E","Estimate!!Total:!!Statistical assistants"
"B24124_388M","Margin of Error!!Total:!!Statistical assistants"
"B24124_389E","Estimate!!Total:!!Office and administrative support workers, all other"
"B24124_389M","Margin of Error!!Total:!!Office and administrative support workers, all other"
"B24124_390E","Estimate!!Total:!!First-line supervisors of farming, fishing, and forestry workers"
"B24124_390M","Margin of Error!!Total:!!First-line supervisors of farming, fishing, and forestry workers"
"B24124_391E","Estimate!!Total:!!Agricultural inspectors"
"B24124_391M","Margin of Error!!Total:!!Agricultural inspectors"
"B24124_392E","Estimate!!Total:!!Animal breeders"
"B24124_392M","Margin of Error!!Total:!!Animal breeders"
"B24124_393E","Estimate!!Total:!!Graders and sorters, agricultural products"
"B24124_393M","Margin of Error!!Total:!!Graders and sorters, agricultural products"
"B24124_394E","Estimate!!Total:!!Miscellaneous agricultural workers"
"B24124_394M","Margin of Error!!Total:!!Miscellaneous agricultural workers"
"B24124_395E","Estimate!!Total:!!Fishing and hunting workers"
"B24124_395M","Margin of Error!!Total:!!Fishing and hunting workers"
"B24124_396E","Estimate!!Total:!!Forest and conservation workers"
"B24124_396M","Margin of Error!!Total:!!Forest and conservation workers"
"B24124_397E","Estimate!!Total:!!Logging workers"
"B24124_397M","Margin of Error!!Total:!!Logging workers"
"B24124_398E","Estimate!!Total:!!First-line supervisors of construction trades and extraction workers"
"B24124_398M","Margin of Error!!Total:!!First-line supervisors of construction trades and extraction workers"
"B24124_399E","Estimate!!Total:!!Boilermakers"
"B24124_399M","Margin of Error!!Total:!!Boilermakers"
"B24124_400E","Estimate!!Total:!!Brickmasons, blockmasons, and stonemasons"
"B24124_400M","Margin of Error!!Total:!!Brickmasons, blockmasons, and stonemasons"
"B24124_401E","Estimate!!Total:!!Carpenters"
"B24124_401M","Margin of Error!!Total:!!Carpenters"
"B24124_402E","Estimate!!Total:!!Carpet, floor, and tile installers and finishers"
"B24124_402M","Margin of Error!!Total:!!Carpet, floor, and tile installers and finishers"
"B24124_403E","Estimate!!Total:!!Cement masons, concrete finishers, and terrazzo workers"
"B24124_403M","Margin of Error!!Total:!!Cement masons, concrete finishers, and terrazzo workers"
"B24124_404E","Estimate!!Total:!!Construction laborers"
"B24124_404M","Margin of Error!!Total:!!Construction laborers"
"B24124_405E","Estimate!!Total:!!Construction equipment operators"
"B24124_405M","Margin of Error!!Total:!!Construction equipment operators"
"B24124_406E","Estimate!!Total:!!Drywall installers, ceiling tile installers, and tapers"
"B24124_406M","Margin of Error!!Total:!!Drywall installers, ceiling tile installers, and tapers"
"B24124_407E","Estimate!!Total:!!Electricians"
"B24124_407M","Margin of Error!!Total:!!Electricians"
"B24124_408E","Estimate!!Total:!!Glaziers"
"B24124_408M","Margin of Error!!Total:!!Glaziers"
"B24124_409E","Estimate!!Total:!!Insulation workers"
"B24124_409M","Margin of Error!!Total:!!Insulation workers"
"B24124_410E","Estimate!!Total:!!Painters and paperhangers"
"B24124_410M","Margin of Error!!Total:!!Painters and paperhangers"
"B24124_411E","Estimate!!Total:!!Pipelayers"
"B24124_411M","Margin of Error!!Total:!!Pipelayers"
"B24124_412E","Estimate!!Total:!!Plumbers, pipefitters, and steamfitters"
"B24124_412M","Margin of Error!!Total:!!Plumbers, pipefitters, and steamfitters"
"B24124_413E","Estimate!!Total:!!Plasterers and stucco masons"
"B24124_413M","Margin of Error!!Total:!!Plasterers and stucco masons"
"B24124_414E","Estimate!!Total:!!Reinforcing iron and rebar workers"
"B24124_414M","Margin of Error!!Total:!!Reinforcing iron and rebar workers"
"B24124_415E","Estimate!!Total:!!Roofers"
"B24124_415M","Margin of Error!!Total:!!Roofers"
"B24124_416E","Estimate!!Total:!!Sheet metal workers"
"B24124_416M","Margin of Error!!Total:!!Sheet metal workers"
"B24124_417E","Estimate!!Total:!!Structural iron and steel workers"
"B24124_417M","Margin of Error!!Total:!!Structural iron and steel workers"
"B24124_418E","Estimate!!Total:!!Solar photovoltaic installers"
"B24124_418M","Margin of Error!!Total:!!Solar photovoltaic installers"
"B24124_419E","Estimate!!Total:!!Helpers, construction trades"
"B24124_419M","Margin of Error!!Total:!!Helpers, construction trades"
"B24124_420E","Estimate!!Total:!!Construction and building inspectors"
"B24124_420M","Margin of Error!!Total:!!Construction and building inspectors"
"B24124_421E","Estimate!!Total:!!Elevator and escalator installers and repairers"
"B24124_421M","Margin of Error!!Total:!!Elevator and escalator installers and repairers"
"B24124_422E","Estimate!!Total:!!Fence erectors"
"B24124_422M","Margin of Error!!Total:!!Fence erectors"
"B24124_423E","Estimate!!Total:!!Hazardous materials removal workers"
"B24124_423M","Margin of Error!!Total:!!Hazardous materials removal workers"
"B24124_424E","Estimate!!Total:!!Highway maintenance workers"
"B24124_424M","Margin of Error!!Total:!!Highway maintenance workers"
"B24124_425E","Estimate!!Total:!!Rail-track laying and maintenance equipment operators"
"B24124_425M","Margin of Error!!Total:!!Rail-track laying and maintenance equipment operators"
"B24124_426E","Estimate!!Total:!!Septic tank servicers and sewer pipe cleaners"
"B24124_426M","Margin of Error!!Total:!!Septic tank servicers and sewer pipe cleaners"
"B24124_427E","Estimate!!Total:!!Miscellaneous construction and related workers"
"B24124_427M","Margin of Error!!Total:!!Miscellaneous construction and related workers"
"B24124_428E","Estimate!!Total:!!Derrick, rotary drill, and service unit operators, oil and gas"
"B24124_428M","Margin of Error!!Total:!!Derrick, rotary drill, and service unit operators, oil and gas"
"B24124_429E","Estimate!!Total:!!Excavating and loading machine and dragline operators, surface mining"
"B24124_429M","Margin of Error!!Total:!!Excavating and loading machine and dragline operators, surface mining"
"B24124_430E","Estimate!!Total:!!Earth drillers, except oil and gas"
"B24124_430M","Margin of Error!!Total:!!Earth drillers, except oil and gas"
"B24124_431E","Estimate!!Total:!!Explosives workers, ordnance handling experts, and blasters"
"B24124_431M","Margin of Error!!Total:!!Explosives workers, ordnance handling experts, and blasters"
"B24124_432E","Estimate!!Total:!!Underground mining machine operators"
"B24124_432M","Margin of Error!!Total:!!Underground mining machine operators"
"B24124_433E","Estimate!!Total:!!Roustabouts, oil and gas"
"B24124_433M","Margin of Error!!Total:!!Roustabouts, oil and gas"
"B24124_434E","Estimate!!Total:!!Other extraction workers"
"B24124_434M","Margin of Error!!Total:!!Other extraction workers"
"B24124_435E","Estimate!!Total:!!First-line supervisors of mechanics, installers, and repairers"
"B24124_435M","Margin of Error!!Total:!!First-line supervisors of mechanics, installers, and repairers"
"B24124_436E","Estimate!!Total:!!Computer, automated teller, and office machine repairers"
"B24124_436M","Margin of Error!!Total:!!Computer, automated teller, and office machine repairers"
"B24124_437E","Estimate!!Total:!!Radio and telecommunications equipment installers and repairers"
"B24124_437M","Margin of Error!!Total:!!Radio and telecommunications equipment installers and repairers"
"B24124_438E","Estimate!!Total:!!Avionics technicians"
"B24124_438M","Margin of Error!!Total:!!Avionics technicians"
"B24124_439E","Estimate!!Total:!!Electric motor, power tool, and related repairers"
"B24124_439M","Margin of Error!!Total:!!Electric motor, power tool, and related repairers"
"B24124_440E","Estimate!!Total:!!Electrical and electronics installers and repairers, transportation equipment"
"B24124_440M","Margin of Error!!Total:!!Electrical and electronics installers and repairers, transportation equipment"
"B24124_441E","Estimate!!Total:!!Electrical and electronics repairers, industrial and utility"
"B24124_441M","Margin of Error!!Total:!!Electrical and electronics repairers, industrial and utility"
"B24124_442E","Estimate!!Total:!!Electronic equipment installers and repairers, motor vehicles"
"B24124_442M","Margin of Error!!Total:!!Electronic equipment installers and repairers, motor vehicles"
"B24124_443E","Estimate!!Total:!!Audiovisual equipment installers and repairers"
"B24124_443M","Margin of Error!!Total:!!Audiovisual equipment installers and repairers"
"B24124_444E","Estimate!!Total:!!Security and fire alarm systems installers"
"B24124_444M","Margin of Error!!Total:!!Security and fire alarm systems installers"
"B24124_445E","Estimate!!Total:!!Aircraft mechanics and service technicians"
"B24124_445M","Margin of Error!!Total:!!Aircraft mechanics and service technicians"
"B24124_446E","Estimate!!Total:!!Automotive body and related repairers"
"B24124_446M","Margin of Error!!Total:!!Automotive body and related repairers"
"B24124_447E","Estimate!!Total:!!Automotive glass installers and repairers"
"B24124_447M","Margin of Error!!Total:!!Automotive glass installers and repairers"
"B24124_448E","Estimate!!Total:!!Automotive service technicians and mechanics"
"B24124_448M","Margin of Error!!Total:!!Automotive service technicians and mechanics"
"B24124_449E","Estimate!!Total:!!Bus and truck mechanics and diesel engine specialists"
"B24124_449M","Margin of Error!!Total:!!Bus and truck mechanics and diesel engine specialists"
"B24124_450E","Estimate!!Total:!!Heavy vehicle and mobile equipment service technicians and mechanics"
"B24124_450M","Margin of Error!!Total:!!Heavy vehicle and mobile equipment service technicians and mechanics"
"B24124_451E","Estimate!!Total:!!Small engine mechanics"
"B24124_451M","Margin of Error!!Total:!!Small engine mechanics"
"B24124_452E","Estimate!!Total:!!Miscellaneous vehicle and mobile equipment mechanics, installers, and repairers"
"B24124_452M","Margin of Error!!Total:!!Miscellaneous vehicle and mobile equipment mechanics, installers, and repairers"
"B24124_453E","Estimate!!Total:!!Control and valve installers and repairers"
"B24124_453M","Margin of Error!!Total:!!Control and valve installers and repairers"
"B24124_454E","Estimate!!Total:!!Heating, air conditioning, and refrigeration mechanics and installers"
"B24124_454M","Margin of Error!!Total:!!Heating, air conditioning, and refrigeration mechanics and installers"
"B24124_455E","Estimate!!Total:!!Home appliance repairers"
"B24124_455M","Margin of Error!!Total:!!Home appliance repairers"
"B24124_456E","Estimate!!Total:!!Industrial and refractory machinery mechanics"
"B24124_456M","Margin of Error!!Total:!!Industrial and refractory machinery mechanics"
"B24124_457E","Estimate!!Total:!!Maintenance and repair workers, general"
"B24124_457M","Margin of Error!!Total:!!Maintenance and repair workers, general"
"B24124_458E","Estimate!!Total:!!Maintenance workers, machinery"
"B24124_458M","Margin of Error!!Total:!!Maintenance workers, machinery"
"B24124_459E","Estimate!!Total:!!Millwrights"
"B24124_459M","Margin of Error!!Total:!!Millwrights"
"B24124_460E","Estimate!!Total:!!Electrical power-line installers and repairers"
"B24124_460M","Margin of Error!!Total:!!Electrical power-line installers and repairers"
"B24124_461E","Estimate!!Total:!!Telecommunications line installers and repairers"
"B24124_461M","Margin of Error!!Total:!!Telecommunications line installers and repairers"
"B24124_462E","Estimate!!Total:!!Precision instrument and equipment repairers"
"B24124_462M","Margin of Error!!Total:!!Precision instrument and equipment repairers"
"B24124_463E","Estimate!!Total:!!Wind turbine service technicians"
"B24124_463M","Margin of Error!!Total:!!Wind turbine service technicians"
"B24124_464E","Estimate!!Total:!!Coin, vending, and amusement machine servicers and repairers"
"B24124_464M","Margin of Error!!Total:!!Coin, vending, and amusement machine servicers and repairers"
"B24124_465E","Estimate!!Total:!!Commercial divers"
"B24124_465M","Margin of Error!!Total:!!Commercial divers"
"B24124_466E","Estimate!!Total:!!Locksmiths and safe repairers"
"B24124_466M","Margin of Error!!Total:!!Locksmiths and safe repairers"
"B24124_467E","Estimate!!Total:!!Manufactured building and mobile home installers"
"B24124_467M","Margin of Error!!Total:!!Manufactured building and mobile home installers"
"B24124_468E","Estimate!!Total:!!Riggers"
"B24124_468M","Margin of Error!!Total:!!Riggers"
"B24124_469E","Estimate!!Total:!!Helpers--installation, maintenance, and repair workers"
"B24124_469M","Margin of Error!!Total:!!Helpers--installation, maintenance, and repair workers"
"B24124_470E","Estimate!!Total:!!Other installation, maintenance, and repair workers"
"B24124_470M","Margin of Error!!Total:!!Other installation, maintenance, and repair workers"
"B24124_471E","Estimate!!Total:!!First-line supervisors of production and operating workers"
"B24124_471M","Margin of Error!!Total:!!First-line supervisors of production and operating workers"
"B24124_472E","Estimate!!Total:!!Aircraft structure, surfaces, rigging, and systems assemblers"
"B24124_472M","Margin of Error!!Total:!!Aircraft structure, surfaces, rigging, and systems assemblers"
"B24124_473E","Estimate!!Total:!!Electrical, electronics, and electromechanical assemblers"
"B24124_473M","Margin of Error!!Total:!!Electrical, electronics, and electromechanical assemblers"
"B24124_474E","Estimate!!Total:!!Engine and other machine assemblers"
"B24124_474M","Margin of Error!!Total:!!Engine and other machine assemblers"
"B24124_475E","Estimate!!Total:!!Structural metal fabricators and fitters"
"B24124_475M","Margin of Error!!Total:!!Structural metal fabricators and fitters"
"B24124_476E","Estimate!!Total:!!Other assemblers and fabricators"
"B24124_476M","Margin of Error!!Total:!!Other assemblers and fabricators"
"B24124_477E","Estimate!!Total:!!Bakers"
"B24124_477M","Margin of Error!!Total:!!Bakers"
"B24124_478E","Estimate!!Total:!!Butchers and other meat, poultry, and fish processing workers"
"B24124_478M","Margin of Error!!Total:!!Butchers and other meat, poultry, and fish processing workers"
"B24124_479E","Estimate!!Total:!!Food and tobacco roasting, baking, and drying machine operators and tenders"
"B24124_479M","Margin of Error!!Total:!!Food and tobacco roasting, baking, and drying machine operators and tenders"
"B24124_480E","Estimate!!Total:!!Food batchmakers"
"B24124_480M","Margin of Error!!Total:!!Food batchmakers"
"B24124_481E","Estimate!!Total:!!Food cooking machine operators and tenders"
"B24124_481M","Margin of Error!!Total:!!Food cooking machine operators and tenders"
"B24124_482E","Estimate!!Total:!!Food processing workers, all other"
"B24124_482M","Margin of Error!!Total:!!Food processing workers, all other"
"B24124_483E","Estimate!!Total:!!Computer numerically controlled tool operators and programmers"
"B24124_483M","Margin of Error!!Total:!!Computer numerically controlled tool operators and programmers"
"B24124_484E","Estimate!!Total:!!Forming machine setters, operators, and tenders, metal and plastic"
"B24124_484M","Margin of Error!!Total:!!Forming machine setters, operators, and tenders, metal and plastic"
"B24124_485E","Estimate!!Total:!!Cutting, punching, and press machine setters, operators, and tenders, metal and plastic"
"B24124_485M","Margin of Error!!Total:!!Cutting, punching, and press machine setters, operators, and tenders, metal and plastic"
"B24124_486E","Estimate!!Total:!!Grinding, lapping, polishing, and buffing machine tool setters, operators, and tenders, metal and plastic"
"B24124_486M","Margin of Error!!Total:!!Grinding, lapping, polishing, and buffing machine tool setters, operators, and tenders, metal and plastic"
"B24124_487E","Estimate!!Total:!!Other machine tool setters, operators, and tenders, metal and plastic"
"B24124_487M","Margin of Error!!Total:!!Other machine tool setters, operators, and tenders, metal and plastic"
"B24124_488E","Estimate!!Total:!!Machinists"
"B24124_488M","Margin of Error!!Total:!!Machinists"
"B24124_489E","Estimate!!Total:!!Metal furnace operators, tenders, pourers, and casters"
"B24124_489M","Margin of Error!!Total:!!Metal furnace operators, tenders, pourers, and casters"
"B24124_490E","Estimate!!Total:!!Model makers and patternmakers, metal and plastic"
"B24124_490M","Margin of Error!!Total:!!Model makers and patternmakers, metal and plastic"
"B24124_491E","Estimate!!Total:!!Molders and molding machine setters, operators, and tenders, metal and plastic"
"B24124_491M","Margin of Error!!Total:!!Molders and molding machine setters, operators, and tenders, metal and plastic"
"B24124_492E","Estimate!!Total:!!Tool and die makers"
"B24124_492M","Margin of Error!!Total:!!Tool and die makers"
"B24124_493E","Estimate!!Total:!!Welding, soldering, and brazing workers"
"B24124_493M","Margin of Error!!Total:!!Welding, soldering, and brazing workers"
"B24124_494E","Estimate!!Total:!!Other metal workers and plastic workers"
"B24124_494M","Margin of Error!!Total:!!Other metal workers and plastic workers"
"B24124_495E","Estimate!!Total:!!Prepress technicians and workers"
"B24124_495M","Margin of Error!!Total:!!Prepress technicians and workers"
"B24124_496E","Estimate!!Total:!!Printing press operators"
"B24124_496M","Margin of Error!!Total:!!Printing press operators"
"B24124_497E","Estimate!!Total:!!Print binding and finishing workers"
"B24124_497M","Margin of Error!!Total:!!Print binding and finishing workers"
"B24124_498E","Estimate!!Total:!!Laundry and dry-cleaning workers"
"B24124_498M","Margin of Error!!Total:!!Laundry and dry-cleaning workers"
"B24124_499E","Estimate!!Total:!!Pressers, textile, garment, and related materials"
"B24124_499M","Margin of Error!!Total:!!Pressers, textile, garment, and related materials"
"B24124_500E","Estimate!!Total:!!Sewing machine operators"
"B24124_500M","Margin of Error!!Total:!!Sewing machine operators"
"B24124_501E","Estimate!!Total:!!Shoe and leather workers"
"B24124_501M","Margin of Error!!Total:!!Shoe and leather workers"
"B24124_502E","Estimate!!Total:!!Tailors, dressmakers, and sewers"
"B24124_502M","Margin of Error!!Total:!!Tailors, dressmakers, and sewers"
"B24124_503E","Estimate!!Total:!!Textile machine setters, operators, and tenders"
"B24124_503M","Margin of Error!!Total:!!Textile machine setters, operators, and tenders"
"B24124_504E","Estimate!!Total:!!Upholsterers"
"B24124_504M","Margin of Error!!Total:!!Upholsterers"
"B24124_505E","Estimate!!Total:!!Other textile, apparel, and furnishings workers"
"B24124_505M","Margin of Error!!Total:!!Other textile, apparel, and furnishings workers"
"B24124_506E","Estimate!!Total:!!Cabinetmakers and bench carpenters"
"B24124_506M","Margin of Error!!Total:!!Cabinetmakers and bench carpenters"
"B24124_507E","Estimate!!Total:!!Furniture finishers"
"B24124_507M","Margin of Error!!Total:!!Furniture finishers"
"B24124_508E","Estimate!!Total:!!Sawing machine setters, operators, and tenders, wood"
"B24124_508M","Margin of Error!!Total:!!Sawing machine setters, operators, and tenders, wood"
"B24124_509E","Estimate!!Total:!!Woodworking machine setters, operators, and tenders, except sawing"
"B24124_509M","Margin of Error!!Total:!!Woodworking machine setters, operators, and tenders, except sawing"
"B24124_510E","Estimate!!Total:!!Other woodworkers"
"B24124_510M","Margin of Error!!Total:!!Other woodworkers"
"B24124_511E","Estimate!!Total:!!Power plant operators, distributors, and dispatchers"
"B24124_511M","Margin of Error!!Total:!!Power plant operators, distributors, and dispatchers"
"B24124_512E","Estimate!!Total:!!Stationary engineers and boiler operators"
"B24124_512M","Margin of Error!!Total:!!Stationary engineers and boiler operators"
"B24124_513E","Estimate!!Total:!!Water and wastewater treatment plant and system operators"
"B24124_513M","Margin of Error!!Total:!!Water and wastewater treatment plant and system operators"
"B24124_514E","Estimate!!Total:!!Miscellaneous plant and system operators"
"B24124_514M","Margin of Error!!Total:!!Miscellaneous plant and system operators"
"B24124_515E","Estimate!!Total:!!Chemical processing machine setters, operators, and tenders"
"B24124_515M","Margin of Error!!Total:!!Chemical processing machine setters, operators, and tenders"
"B24124_516E","Estimate!!Total:!!Crushing, grinding, polishing, mixing, and blending workers"
"B24124_516M","Margin of Error!!Total:!!Crushing, grinding, polishing, mixing, and blending workers"
"B24124_517E","Estimate!!Total:!!Cutting workers"
"B24124_517M","Margin of Error!!Total:!!Cutting workers"
"B24124_518E","Estimate!!Total:!!Extruding, forming, pressing, and compacting machine setters, operators, and tenders"
"B24124_518M","Margin of Error!!Total:!!Extruding, forming, pressing, and compacting machine setters, operators, and tenders"
"B24124_519E","Estimate!!Total:!!Furnace, kiln, oven, drier, and kettle operators and tenders"
"B24124_519M","Margin of Error!!Total:!!Furnace, kiln, oven, drier, and kettle operators and tenders"
"B24124_520E","Estimate!!Total:!!Inspectors, testers, sorters, samplers, and weighers"
"B24124_520M","Margin of Error!!Total:!!Inspectors, testers, sorters, samplers, and weighers"
"B24124_521E","Estimate!!Total:!!Jewelers and precious stone and metal workers"
"B24124_521M","Margin of Error!!Total:!!Jewelers and precious stone and metal workers"
"B24124_522E","Estimate!!Total:!!Dental and ophthalmic laboratory technicians and medical appliance technicians"
"B24124_522M","Margin of Error!!Total:!!Dental and ophthalmic laboratory technicians and medical appliance technicians"
"B24124_523E","Estimate!!Total:!!Packaging and filling machine operators and tenders"
"B24124_523M","Margin of Error!!Total:!!Packaging and filling machine operators and tenders"
"B24124_524E","Estimate!!Total:!!Painting workers"
"B24124_524M","Margin of Error!!Total:!!Painting workers"
"B24124_525E","Estimate!!Total:!!Photographic process workers and processing machine operators"
"B24124_525M","Margin of Error!!Total:!!Photographic process workers and processing machine operators"
"B24124_526E","Estimate!!Total:!!Adhesive bonding machine operators and tenders"
"B24124_526M","Margin of Error!!Total:!!Adhesive bonding machine operators and tenders"
"B24124_527E","Estimate!!Total:!!Etchers and engravers"
"B24124_527M","Margin of Error!!Total:!!Etchers and engravers"
"B24124_528E","Estimate!!Total:!!Molders, shapers, and casters, except metal and plastic"
"B24124_528M","Margin of Error!!Total:!!Molders, shapers, and casters, except metal and plastic"
"B24124_529E","Estimate!!Total:!!Paper goods machine setters, operators, and tenders"
"B24124_529M","Margin of Error!!Total:!!Paper goods machine setters, operators, and tenders"
"B24124_530E","Estimate!!Total:!!Tire builders"
"B24124_530M","Margin of Error!!Total:!!Tire builders"
"B24124_531E","Estimate!!Total:!!Helpers--production workers"
"B24124_531M","Margin of Error!!Total:!!Helpers--production workers"
"B24124_532E","Estimate!!Total:!!Other production equipment operators and tenders"
"B24124_532M","Margin of Error!!Total:!!Other production equipment operators and tenders"
"B24124_533E","Estimate!!Total:!!Other production workers"
"B24124_533M","Margin of Error!!Total:!!Other production workers"
"B24124_534E","Estimate!!Total:!!Supervisors of transportation and material moving workers"
"B24124_534M","Margin of Error!!Total:!!Supervisors of transportation and material moving workers"
"B24124_535E","Estimate!!Total:!!Aircraft pilots and flight engineers"
"B24124_535M","Margin of Error!!Total:!!Aircraft pilots and flight engineers"
"B24124_536E","Estimate!!Total:!!Air traffic controllers and airfield operations specialists"
"B24124_536M","Margin of Error!!Total:!!Air traffic controllers and airfield operations specialists"
"B24124_537E","Estimate!!Total:!!Flight attendants"
"B24124_537M","Margin of Error!!Total:!!Flight attendants"
"B24124_538E","Estimate!!Total:!!Ambulance drivers and attendants, except emergency medical technicians"
"B24124_538M","Margin of Error!!Total:!!Ambulance drivers and attendants, except emergency medical technicians"
"B24124_539E","Estimate!!Total:!!Bus drivers, school"
"B24124_539M","Margin of Error!!Total:!!Bus drivers, school"
"B24124_540E","Estimate!!Total:!!Bus drivers, transit and intercity"
"B24124_540M","Margin of Error!!Total:!!Bus drivers, transit and intercity"
"B24124_541E","Estimate!!Total:!!Driver/sales workers and truck drivers"
"B24124_541M","Margin of Error!!Total:!!Driver/sales workers and truck drivers"
"B24124_542E","Estimate!!Total:!!Shuttle drivers and chauffeurs"
"B24124_542M","Margin of Error!!Total:!!Shuttle drivers and chauffeurs"
"B24124_543E","Estimate!!Total:!!Taxi drivers"
"B24124_543M","Margin of Error!!Total:!!Taxi drivers"
"B24124_544E","Estimate!!Total:!!Motor vehicle operators, all other"
"B24124_544M","Margin of Error!!Total:!!Motor vehicle operators, all other"
"B24124_545E","Estimate!!Total:!!Locomotive engineers and operators"
"B24124_545M","Margin of Error!!Total:!!Locomotive engineers and operators"
"B24124_546E","Estimate!!Total:!!Railroad conductors and yardmasters"
"B24124_546M","Margin of Error!!Total:!!Railroad conductors and yardmasters"
"B24124_547E","Estimate!!Total:!!Other rail transportation workers"
"B24124_547M","Margin of Error!!Total:!!Other rail transportation workers"
"B24124_548E","Estimate!!Total:!!Sailors and marine oilers"
"B24124_548M","Margin of Error!!Total:!!Sailors and marine oilers"
"B24124_549E","Estimate!!Total:!!Ship and boat captains and operators"
"B24124_549M","Margin of Error!!Total:!!Ship and boat captains and operators"
"B24124_550E","Estimate!!Total:!!Ship engineers"
"B24124_550M","Margin of Error!!Total:!!Ship engineers"
"B24124_551E","Estimate!!Total:!!Parking attendants"
"B24124_551M","Margin of Error!!Total:!!Parking attendants"
"B24124_552E","Estimate!!Total:!!Transportation service attendants"
"B24124_552M","Margin of Error!!Total:!!Transportation service attendants"
"B24124_553E","Estimate!!Total:!!Transportation inspectors"
"B24124_553M","Margin of Error!!Total:!!Transportation inspectors"
"B24124_554E","Estimate!!Total:!!Passenger attendants"
"B24124_554M","Margin of Error!!Total:!!Passenger attendants"
"B24124_555E","Estimate!!Total:!!Other transportation workers"
"B24124_555M","Margin of Error!!Total:!!Other transportation workers"
"B24124_556E","Estimate!!Total:!!Crane and tower operators"
"B24124_556M","Margin of Error!!Total:!!Crane and tower operators"
"B24124_557E","Estimate!!Total:!!Conveyor, dredge, and hoist and winch operators"
"B24124_557M","Margin of Error!!Total:!!Conveyor, dredge, and hoist and winch operators"
"B24124_558E","Estimate!!Total:!!Industrial truck and tractor operators"
"B24124_558M","Margin of Error!!Total:!!Industrial truck and tractor operators"
"B24124_559E","Estimate!!Total:!!Cleaners of vehicles and equipment"
"B24124_559M","Margin of Error!!Total:!!Cleaners of vehicles and equipment"
"B24124_560E","Estimate!!Total:!!Laborers and freight, stock, and material movers, hand"
"B24124_560M","Margin of Error!!Total:!!Laborers and freight, stock, and material movers, hand"
"B24124_561E","Estimate!!Total:!!Machine feeders and offbearers"
"B24124_561M","Margin of Error!!Total:!!Machine feeders and offbearers"
"B24124_562E","Estimate!!Total:!!Packers and packagers, hand"
"B24124_562M","Margin of Error!!Total:!!Packers and packagers, hand"
"B24124_563E","Estimate!!Total:!!Stockers and order fillers"
"B24124_563M","Margin of Error!!Total:!!Stockers and order fillers"
"B24124_564E","Estimate!!Total:!!Pumping station operators"
"B24124_564M","Margin of Error!!Total:!!Pumping station operators"
"B24124_565E","Estimate!!Total:!!Refuse and recyclable material collectors"
"B24124_565M","Margin of Error!!Total:!!Refuse and recyclable material collectors"
"B24124_566E","Estimate!!Total:!!Other material moving workers"
"B24124_566M","Margin of Error!!Total:!!Other material moving workers"
